{
  "timestamp": "2026-04-30T11:41:12.177396",
  "version": "v1.0.5-P1",
  "method": "Bayesian Optimization (GP + EI) with P0-optimized strategy",
  "best_params": {
    "rsi_oversold": 39.39642090157089,
    "rsi_overbought": 69.07579082767279,
    "bb_std": 1.972100926692928,
    "bb_period": 17,
    "sl_atr_multiplier": 1.6630365606742863,
    "tp_atr_multiplier": 2.9926680889675157,
    "adx_trend_threshold": 25.629218755133852,
    "bb_extreme_threshold": 3.004085602189042
  },
  "best_score": -2.252151160506987,
  "n_iterations": 5,
  "n_init_points": 2,
  "optimization_history": [
    {
      "params": {
        "rsi_oversold": 34.543381395326165,
        "rsi_overbought": 74.85413042399962,
        "bb_std": 2.3509866688961507,
        "bb_period": 18,
        "sl_atr_multiplier": 2.103025447998629,
        "tp_atr_multiplier": 4.303171664200341,
        "ema_slope_th": 0.001,
        "breakout_lookback": 20.0,
        "breakout_atr_ratio": 0.5,
        "deviation_th": 0.02,
        "vol_filter_th": 0.3,
        "signal_threshold": 0.55,
        "trend_weight": 0.6,
        "ema_window": 20.0
      },
      "sharpe": -2.874850399201271,
      "win_rate": 0.25,
      "n_trades": 40,
      "final_score": -5.658713091729704
    },
    {
      "params": {
        "rsi_oversold": 30.2799173561745,
        "rsi_overbought": 71.76116756180159,
        "bb_std": 1.5587888915130146,
        "bb_period": 16,
        "sl_atr_multiplier": 1.7300034121370542,
        "tp_atr_multiplier": 4.620269714244982,
        "ema_slope_th": 0.001,
        "breakout_lookback": 20.0,
        "breakout_atr_ratio": 0.5,
        "deviation_th": 0.02,
        "vol_filter_th": 0.3,
        "signal_threshold": 0.55,
        "trend_weight": 0.6,
        "ema_window": 20.0
      },
      "sharpe": -1.9437404163845016,
      "win_rate": 0.25,
      "n_trades": 40,
      "final_score": -4.264099416039842
    },
    {
      "params": {
        "rsi_oversold": 25.536555944701032,
        "rsi_overbought": 71.84700657186724,
        "bb_std": 3.3247266912333817,
        "bb_period": 26,
        "sl_atr_multiplier": 1.5757707278016944,
        "tp_atr_multiplier": 3.3974384210607456,
        "ema_slope_th": 0.001,
        "breakout_lookback": 20.0,
        "breakout_atr_ratio": 0.5,
        "deviation_th": 0.02,
        "vol_filter_th": 0.3,
        "signal_threshold": 0.55,
        "trend_weight": 0.6,
        "ema_window": 20.0
      },
      "sharpe": -0.2414825128780334,
      "win_rate": 0.2926829268292683,
      "n_trades": 41,
      "final_score": -3.5843059632194203
    },
    {
      "params": {
        "rsi_oversold": 35.52000414070859,
        "rsi_overbought": 68.10620366171487,
        "bb_std": 2.703710767324017,
        "bb_period": 24,
        "sl_atr_multiplier": 1.3563149873858165,
        "tp_atr_multiplier": 4.914185282124919,
        "ema_slope_th": 0.001,
        "breakout_lookback": 20.0,
        "breakout_atr_ratio": 0.5,
        "deviation_th": 0.02,
        "vol_filter_th": 0.3,
        "signal_threshold": 0.55,
        "trend_weight": 0.6,
        "ema_window": 20.0
      },
      "sharpe": -3.4449208624648486,
      "win_rate": 0.175,
      "n_trades": 40,
      "final_score": -4.736358752751865
    },
    {
      "params": {
        "rsi_oversold": 29.845557128960696,
        "rsi_overbought": 64.94462148806355,
        "bb_std": 3.2414998025450226,
        "bb_period": 29,
        "sl_atr_multiplier": 1.8893775997476727,
        "tp_atr_multiplier": 3.738244698030502,
        "ema_slope_th": 0.001,
        "breakout_lookback": 20.0,
        "breakout_atr_ratio": 0.5,
        "deviation_th": 0.02,
        "vol_filter_th": 0.3,
        "signal_threshold": 0.55,
        "trend_weight": 0.6,
        "ema_window": 20.0
      },
      "sharpe": 0.8770999584380267,
      "win_rate": 0.325,
      "n_trades": 40,
      "final_score": -3.045387695263933
    },
    {
      "params": {
        "rsi_oversold": 33.04246491060876,
        "rsi_overbought": 66.24296113392894,
        "bb_std": 2.298091892274222,
        "bb_period": 17,
        "sl_atr_multiplier": 1.9851049968119383,
        "tp_atr_multiplier": 2.9755701926740845,
        "ema_slope_th": 0.001,
        "breakout_lookback": 20.0,
        "breakout_atr_ratio": 0.5,
        "deviation_th": 0.02,
        "vol_filter_th": 0.3,
        "signal_threshold": 0.55,
        "trend_weight": 0.6,
        "ema_window": 20.0
      },
      "sharpe": -1.405496078364549,
      "win_rate": 0.32558139534883723,
      "n_trades": 43,
      "final_score": -2.3952946963877397
    },
    {
      "params": {
        "rsi_oversold": 39.39642090157089,
        "rsi_overbought": 69.07579082767279,
        "bb_std": 1.972100926692928,
        "bb_period": 17,
        "sl_atr_multiplier": 1.6630365606742863,
        "tp_atr_multiplier": 2.9926680889675157,
        "ema_slope_th": 0.001,
        "breakout_lookback": 20.0,
        "breakout_atr_ratio": 0.5,
        "deviation_th": 0.02,
        "vol_filter_th": 0.3,
        "signal_threshold": 0.55,
        "trend_weight": 0.6,
        "ema_window": 20.0
      },
      "sharpe": -1.8533576236066656,
      "win_rate": 0.3023255813953488,
      "n_trades": 43,
      "final_score": -2.252151160506987
    },
    {
      "params": {
        "rsi_oversold": 22.915131364895032,
        "rsi_overbought": 68.98867670427475,
        "bb_std": 2.675768742220774,
        "bb_period": 26,
        "sl_atr_multiplier": 2.060165825328169,
        "tp_atr_multiplier": 2.5011257237028497,
        "ema_slope_th": 0.001,
        "breakout_lookback": 20.0,
        "breakout_atr_ratio": 0.5,
        "deviation_th": 0.02,
        "vol_filter_th": 0.3,
        "signal_threshold": 0.55,
        "trend_weight": 0.6,
        "ema_window": 20.0
      },
      "sharpe": -1.40593941480273,
      "win_rate": 0.36363636363636365,
      "n_trades": 44,
      "final_score": -2.981996042421468
    },
    {
      "params": {
        "rsi_oversold": 34.72804030131281,
        "rsi_overbought": 73.2760905524361,
        "bb_std": 2.4492617514996278,
        "bb_period": 15,
        "sl_atr_multiplier": 2.0580783911683054,
        "tp_atr_multiplier": 3.339105939537757,
        "ema_slope_th": 0.001,
        "breakout_lookback": 20.0,
        "breakout_atr_ratio": 0.5,
        "deviation_th": 0.02,
        "vol_filter_th": 0.3,
        "signal_threshold": 0.55,
        "trend_weight": 0.6,
        "ema_window": 20.0
      },
      "sharpe": -1.280660531182651,
      "win_rate": 0.30952380952380953,
      "n_trades": 42,
      "final_score": -5.324822760845582
    },
    {
      "params": {
        "rsi_oversold": 30.79811679004425,
        "rsi_overbought": 60.68375531878316,
        "bb_std": 3.473385960714323,
        "bb_period": 23,
        "sl_atr_multiplier": 1.796754292001548,
        "tp_atr_multiplier": 4.809817076884885,
        "ema_slope_th": 0.001,
        "breakout_lookback": 20.0,
        "breakout_atr_ratio": 0.5,
        "deviation_th": 0.02,
        "vol_filter_th": 0.3,
        "signal_threshold": 0.55,
        "trend_weight": 0.6,
        "ema_window": 20.0
      },
      "sharpe": -1.7664869059942752,
      "win_rate": 0.25,
      "n_trades": 40,
      "final_score": -4.366756996629414
    },
    {
      "params": {
        "rsi_oversold": 29.043980565668704,
        "rsi_overbought": 78.67750035055809,
        "bb_std": 2.132312209953501,
        "bb_period": 15,
        "sl_atr_multiplier": 1.877006050663883,
        "tp_atr_multiplier": 4.064623597599786,
        "ema_slope_th": 0.001,
        "breakout_lookback": 20.0,
        "breakout_atr_ratio": 0.5,
        "deviation_th": 0.02,
        "vol_filter_th": 0.3,
        "signal_threshold": 0.55,
        "trend_weight": 0.6,
        "ema_window": 20.0
      },
      "sharpe": -1.8030027506420225,
      "win_rate": 0.275,
      "n_trades": 40,