{
  "timestamp": "2026-04-30T05:30:03.300616",
  "version": "v5.1",
  "method": "Bayesian Optimization (GP + EI)",
  "best_params": {
    "rsi_oversold": 36.708179429572574,
    "rsi_overbought": 74.58077212288865,
    "bb_std": 2.1018214016864976,
    "bb_period": 27,
    "sl_atr_multiplier": 2.2004425404916113,
    "tp_atr_multiplier": 3.05476980871152,
    "adx_trend_threshold": 33.90333375320102,
    "bb_extreme_threshold": 2.82658137273915
  },
  "best_score": 7.039588601374187,
  "n_iterations": 5,
  "n_init_points": 2,
  "optimization_history": [
    {
      "params": {
        "rsi_oversold": 32.688109261326744,
        "rsi_overbought": 68.22983698688174,
        "bb_std": 3.4201992059983066,
        "bb_period": 30,
        "sl_atr_multiplier": 1.7415722789531627,
        "tp_atr_multiplier": 4.593005227052648,
        "adx_trend_threshold": 29.54215144165915,
        "bb_extreme_threshold": 2.5677660233874944
      },
      "sharpe": 6.888057719167272,
      "win_rate": 0.51,
      "n_trades": 100,
      "final_score": 6.888057719167272
    },
    {
      "params": {
        "rsi_oversold": 36.708179429572574,
        "rsi_overbought": 74.58077212288865,
        "bb_std": 2.1018214016864976,
        "bb_period": 27,
        "sl_atr_multiplier": 2.2004425404916113,
        "tp_atr_multiplier": 3.05476980871152,
        "adx_trend_threshold": 33.90333375320102,
        "bb_extreme_threshold": 2.82658137273915
      },
      "sharpe": 7.039588601374187,
      "win_rate": 0.648936170212766,
      "n_trades": 94,
      "final_score": 7.039588601374187
    },
    {
      "params": {
        "rsi_oversold": 36.708179429572574,
        "rsi_overbought": 74.58077212288865,
        "bb_std": 2.1018214016864976,
        "bb_period": 27,
        "sl_atr_multiplier": 2.2004425404916113,
        "tp_atr_multiplier": 3.05476980871152,
        "adx_trend_threshold": 33.90333375320102,
        "bb_extreme_threshold": 2.82658137273915
      },
      "sharpe": 7.039588601374187,
      "win_rate": 0.648936170212766,
      "n_trades": 94,
      "final_score": 7.039588601374187
    },
    {
      "params": {
        "rsi_oversold": 36.708179429572574,
        "rsi_overbought": 74.58077212288865,
        "bb_std": 2.1018214016864976,
        "bb_period": 27,
        "sl_atr_multiplier": 2.2004425404916113,
        "tp_atr_multiplier": 3.05476980871152,
        "adx_trend_threshold": 33.90333375320102,
        "bb_extreme_threshold": 2.82658137273915
      },
      "sharpe": 7.039588601374187,
      "win_rate": 0.648936170212766,
      "n_trades": 94,
      "final_score": 7.039588601374187
    },
    {
      "params": {
        "rsi_oversold": 36.708179429572574,
        "rsi_overbought": 74.58077212288865,
        "bb_std": 2.1018214016864976,
        "bb_period": 27,
        "sl_atr_multiplier": 2.2004425404916113,
        "tp_atr_multiplier": 3.05476980871152,
        "adx_trend_threshold": 33.90333375320102,
        "bb_extreme_threshold": 2.82658137273915
      },
      "sharpe": 7.039588601374187,
      "win_rate": 0.648936170212766,
      "n_trades": 94,
      "final_score": 7.039588601374187
    },
    {
      "params": {
        "rsi_oversold": 36.708179429572574,
        "rsi_overbought": 74.58077212288865,
        "bb_std": 2.1018214016864976,
        "bb_period": 27,
        "sl_atr_multiplier": 2.2004425404916113,
        "tp_atr_multiplier": 3.05476980871152,
        "adx_trend_threshold": 33.90333375320102,
        "bb_extreme_threshold": 2.82658137273915
      },
      "sharpe": 7.039588601374187,
      "win_rate": 0.648936170212766,
      "n_trades": 94,
      "final_score": 7.039588601374187
    },
    {
      "params": {
        "rsi_oversold": 36.708179429572574,
        "rsi_overbought": 74.58077212288865,
        "bb_std": 2.1018214016864976,
        "bb_period": 27,
        "sl_atr_multiplier": 2.2004425404916113,
        "tp_atr_multiplier": 3.05476980871152,
        "adx_trend_threshold": 33.90333375320102,
        "bb_extreme_threshold": 2.82658137273915
      },
      "sharpe": 7.039588601374187,
      "win_rate": 0.648936170212766,
      "n_trades": 94,
      "final_score": 7.039588601374187
    },
    {
      "params": {
        "rsi_oversold": 36.708179429572574,
        "rsi_overbought": 74.58077212288865,
        "bb_std": 2.1018214016864976,
        "bb_period": 27,
        "sl_atr_multiplier": 2.2004425404916113,
        "tp_atr_multiplier": 3.05476980871152,
        "adx_trend_threshold": 33.90333375320102,
        "bb_extreme_threshold": 2.82658137273915
      },
      "sharpe": 7.039588601374187,
      "win_rate": 0.648936170212766,
      "n_trades": 94,
      "final_score": 7.039588601374187
    },
    {
      "params": {
        "rsi_oversold": 36.708179429572574,
        "rsi_overbought": 74.58077212288865,
        "bb_std": 2.1018214016864976,
        "bb_period": 27,
        "sl_atr_multiplier": 2.2004425404916113,
        "tp_atr_multiplier": 3.05476980871152,
        "adx_trend_threshold": 33.90333375320102,
        "bb_extreme_threshold": 2.82658137273915
      },
      "sharpe": 7.039588601374187,
      "win_rate": 0.648936170212766,
      "n_trades": 94,
      "final_score": 7.039588601374187
    },
    {
      "params": {
        "rsi_oversold": 36.708179429572574,
        "rsi_overbought": 74.58077212288865,
        "bb_std": 2.1018214016864976,
        "bb_period": 27,
        "sl_atr_multiplier": 2.2004425404916113,
        "tp_atr_multiplier": 3.05476980871152,
        "adx_trend_threshold": 33.90333375320102,
        "bb_extreme_threshold": 2.82658137273915
      },
      "sharpe": 7.039588601374187,
      "win_rate": 0.648936170212766,
      "n_trades": 94,
      "final_score": 7.039588601374187
    },
    {
      "params": {
        "rsi_oversold": 36.708179429572574,
        "rsi_overbought": 74.58077212288865,
        "bb_std": 2.1018214016864976,
        "bb_period": 27,
        "sl_atr_multiplier": 2.2004425404916113,
        "tp_atr_multiplier": 3.05476980871152,
        "adx_trend_threshold": 33.90333375320102,
        "bb_extreme_threshold": 2.82658137273915
      },
      "sharpe": 7.039588601374187,
      "win_rate": 0.648936170212766,
      "n_trades": 94,
      "final_score": 7.039588601374187
    },
    {
      "params": {
        "rsi_oversold": 36.708179429572574,
        "rsi_overbought": 74.58077212288865,
        "bb_std": 2.1018214016864976,
        "bb_period": 27,
        "sl_atr_multiplier": 2.2004425404916113,
        "tp_atr_multiplier": 3.05476980871152,
        "adx_trend_threshold": 33.90333375320102,
        "bb_extreme_threshold": 2.82658137273915
      },
      "sharpe": 7.039588601374187,
      "win_rate": 0.648936170212766,
      "n_trades": 94,
      "final_score": 7.039588601374187
    },
    {
      "params": {
        "rsi_oversold": 36.708179429572574,
        "rsi_overbought": 74.58077212288865,
        "bb_std": 2.1018214016864976,
        "bb_period": 27,
        "sl_atr_multiplier": 2.2004425404916113,
        "tp_atr_multiplier": 3.05476980871152,
        "adx_trend_threshold": 33.90333375320102,
        "bb_extreme_threshold": 2.82658137273915
      },
      "sharpe": 7.039588601374187,
      "win_rate": 0.648936170212766,
      "n_trades": 94,
      "final_score": 7.039588601374187
    },
    {
      "params": {
        "rsi_oversold": 36.708179429572574,
        "rsi_overbought": 74.58077212288865,
        "bb_std": 2.1018214016864976,
        "bb_period": 27,
        "sl_atr_multiplier": 2.2004425404916113,
        "tp_atr_multiplier": 3.05476980871152,
        "adx_trend_threshold": 33.90333375320102,
        "bb_extreme_threshold": 2.82658137273915
      },
      "sharpe": 7.039588601374187,
      "win_rate": 0.648936170212766,
      "n_trades": 94,
      "final_score": 7.039588601374187
    },
    {
      "params": {
        "rsi_oversold": 36.708179429572574,
        "rsi_overbought": 74.58077212288865,
        "bb_std": 2.1018214016864976,