{
  "timestamp": "2026-04-30T11:06:26.177914",
  "version": "v1.0.5-P1",
  "method": "Bayesian Optimization (GP + EI) with P0-optimized strategy",
  "best_params": {
    "rsi_oversold": 36.11850800235243,
    "rsi_overbought": 75.80060872614123,
    "bb_std": 2.1093582781960816,
    "bb_period": 23,
    "sl_atr_multiplier": 1.4837919667696227,
    "tp_atr_multiplier": 2.068681474928361,
    "adx_trend_threshold": 20.61444954435653,
    "bb_extreme_threshold": 2.335421651744467
  },
  "best_score": -0.006780099978438869,
  "n_iterations": 5,
  "n_init_points": 2,
  "optimization_history": [
    {
      "params": {
        "rsi_oversold": 26.486675062307512,
        "rsi_overbought": 66.66003826116396,
        "bb_std": 2.8389739103963803,
        "bb_period": 21,
        "sl_atr_multiplier": 1.5677146352288036,
        "tp_atr_multiplier": 3.088832815537976,
        "ema_slope_th": 0.001,
        "breakout_lookback": 20.0,
        "breakout_atr_ratio": 0.5,
        "deviation_th": 0.02,
        "vol_filter_th": 0.3,
        "signal_threshold": 0.55,
        "trend_weight": 0.6,
        "ema_window": 20.0
      },
      "sharpe": -1.8633316867059062,
      "win_rate": 0.27906976744186046,
      "n_trades": 43,
      "final_score": -2.112223362623763
    },
    {
      "params": {
        "rsi_oversold": 26.671390989444006,
        "rsi_overbought": 71.60950013433349,
        "bb_std": 1.677534788215537,
        "bb_period": 19,
        "sl_atr_multiplier": 1.2629544135364894,
        "tp_atr_multiplier": 4.070014672461998,
        "ema_slope_th": 0.001,
        "breakout_lookback": 20.0,
        "breakout_atr_ratio": 0.5,
        "deviation_th": 0.02,
        "vol_filter_th": 0.3,
        "signal_threshold": 0.55,
        "trend_weight": 0.6,
        "ema_window": 20.0
      },
      "sharpe": -2.8973065472164277,
      "win_rate": 0.2,
      "n_trades": 40,
      "final_score": -4.577627867862329
    },
    {
      "params": {
        "rsi_oversold": 21.93352899293439,
        "rsi_overbought": 69.0074187251637,
        "bb_std": 3.012326657790492,
        "bb_period": 15,
        "sl_atr_multiplier": 1.4512796625298825,
        "tp_atr_multiplier": 4.943709123032912,
        "ema_slope_th": 0.001,
        "breakout_lookback": 20.0,
        "breakout_atr_ratio": 0.5,
        "deviation_th": 0.02,
        "vol_filter_th": 0.3,
        "signal_threshold": 0.55,
        "trend_weight": 0.6,
        "ema_window": 20.0
      },
      "sharpe": -3.7318233608717,
      "win_rate": 0.175,
      "n_trades": 40,
      "final_score": -5.093944675641034
    },
    {
      "params": {
        "rsi_oversold": 22.396580040352926,
        "rsi_overbought": 79.48329257256032,
        "bb_std": 1.540052711851649,
        "bb_period": 18,
        "sl_atr_multiplier": 2.390501451886443,
        "tp_atr_multiplier": 3.619871390841679,
        "ema_slope_th": 0.001,
        "breakout_lookback": 20.0,
        "breakout_atr_ratio": 0.5,
        "deviation_th": 0.02,
        "vol_filter_th": 0.3,
        "signal_threshold": 0.55,
        "trend_weight": 0.6,
        "ema_window": 20.0
      },
      "sharpe": 0.976257753560815,
      "win_rate": 0.35,
      "n_trades": 40,
      "final_score": -3.663752243482935
    },
    {
      "params": {
        "rsi_oversold": 32.471713760055195,
        "rsi_overbought": 61.78248864232033,
        "bb_std": 3.010540840993616,
        "bb_period": 15,
        "sl_atr_multiplier": 1.912729618989687,
        "tp_atr_multiplier": 3.520515295461448,
        "ema_slope_th": 0.001,
        "breakout_lookback": 20.0,
        "breakout_atr_ratio": 0.5,
        "deviation_th": 0.02,
        "vol_filter_th": 0.3,
        "signal_threshold": 0.55,
        "trend_weight": 0.6,
        "ema_window": 20.0
      },
      "sharpe": 0.534801684098983,
      "win_rate": 0.3170731707317073,
      "n_trades": 41,
      "final_score": -3.492479763480049
    },
    {
      "params": {
        "rsi_oversold": 22.35298056947117,
        "rsi_overbought": 64.54714600192197,
        "bb_std": 2.1833490037938414,
        "bb_period": 23,
        "sl_atr_multiplier": 1.1314641201457578,
        "tp_atr_multiplier": 4.810873469093188,
        "ema_slope_th": 0.001,
        "breakout_lookback": 20.0,
        "breakout_atr_ratio": 0.5,
        "deviation_th": 0.02,
        "vol_filter_th": 0.3,
        "signal_threshold": 0.55,
        "trend_weight": 0.6,
        "ema_window": 20.0
      },
      "sharpe": -2.68336448330169,
      "win_rate": 0.175,
      "n_trades": 40,
      "final_score": -3.9417403772081645
    },
    {
      "params": {
        "rsi_oversold": 27.939630341485667,
        "rsi_overbought": 68.94405081009671,
        "bb_std": 2.701188666721235,
        "bb_period": 21,
        "sl_atr_multiplier": 1.2426463170281643,
        "tp_atr_multiplier": 4.358827870271283,
        "ema_slope_th": 0.001,
        "breakout_lookback": 20.0,
        "breakout_atr_ratio": 0.5,
        "deviation_th": 0.02,
        "vol_filter_th": 0.3,
        "signal_threshold": 0.55,
        "trend_weight": 0.6,
        "ema_window": 20.0
      },
      "sharpe": -3.323863560302768,
      "win_rate": 0.175,
      "n_trades": 40,
      "final_score": -4.631756724902191
    },
    {
      "params": {
        "rsi_oversold": 27.820855261163487,
        "rsi_overbought": 70.0230599836402,
        "bb_std": 2.294357554858422,
        "bb_period": 20,
        "sl_atr_multiplier": 2.2261745627367873,
        "tp_atr_multiplier": 3.1418698804297405,
        "ema_slope_th": 0.001,
        "breakout_lookback": 20.0,
        "breakout_atr_ratio": 0.5,
        "deviation_th": 0.02,
        "vol_filter_th": 0.3,
        "signal_threshold": 0.55,
        "trend_weight": 0.6,
        "ema_window": 20.0
      },
      "sharpe": -2.039632450315888,
      "win_rate": 0.3023255813953488,
      "n_trades": 43,
      "final_score": -3.831633386549263
    },
    {
      "params": {
        "rsi_oversold": 36.11850800235243,
        "rsi_overbought": 75.80060872614123,
        "bb_std": 2.1093582781960816,
        "bb_period": 23,
        "sl_atr_multiplier": 1.4837919667696227,
        "tp_atr_multiplier": 2.068681474928361,
        "ema_slope_th": 0.001,
        "breakout_lookback": 20.0,
        "breakout_atr_ratio": 0.5,
        "deviation_th": 0.02,
        "vol_filter_th": 0.3,
        "signal_threshold": 0.55,
        "trend_weight": 0.6,
        "ema_window": 20.0
      },
      "sharpe": 0.34023373380041344,
      "win_rate": 0.43478260869565216,
      "n_trades": 46,
      "final_score": -0.006780099978438869
    },
    {
      "params": {
        "rsi_oversold": 39.146457757891746,
        "rsi_overbought": 71.46082857861698,
        "bb_std": 3.3654614809525096,
        "bb_period": 16,
        "sl_atr_multiplier": 1.1987870091127726,
        "tp_atr_multiplier": 4.586043446817868,
        "ema_slope_th": 0.001,
        "breakout_lookback": 20.0,
        "breakout_atr_ratio": 0.5,
        "deviation_th": 0.02,
        "vol_filter_th": 0.3,
        "signal_threshold": 0.55,
        "trend_weight": 0.6,
        "ema_window": 20.0
      },
      "sharpe": -3.5270559493568854,
      "win_rate": 0.175,
      "n_trades": 40,
      "final_score": -4.580738615049118
    },
    {
      "params": {
        "rsi_oversold": 32.12505875501955,
        "rsi_overbought": 75.2961960180599,
        "bb_std": 1.849677254520825,
        "bb_period": 17,
        "sl_atr_multiplier": 2.4291962914019414,
        "tp_atr_multiplier": 4.475602302246704,
        "ema_slope_th": 0.001,
        "breakout_lookback": 20.0,
        "breakout_atr_ratio": 0.5,
        "deviation_th": 0.02,
        "vol_filter_th": 0.3,
        "signal_threshold": 0.55,
        "trend_weight": 0.6,
        "ema_window": 20.0
      },
      "sharpe": -2.136083540713112,
      "win_rate": 0.2894736842105263,
      "n_trades": 38,