{
  "version": "v5.3",
  "timestamp": "2026-04-29T14:30:30.813061",
  "config": {
    "capital": 100000,
    "bars": 3000,
    "mode": "hybrid"
  },
  "results": {
    "total_return": -2.8795714523378266,
    "win_rate": 23.79421221864952,
    "total_trades": 311,
    "max_consecutive_losses": 34,
    "adaptive_weights": {
      "mean_reversion": 0.40485096335855214,
      "trend_following": 0.3140878223775988,
      "funding_rate": 0.28106121426384917
    },
    "strategy_distribution": {
      "mean_reversion": 250,
      "trend_following": 61
    }
  }
}