{
  "w_signal": [
    0.029315748406514894,
    0.08592746691459233,
    0.1392567805968502,
    -0.005493065782697352,
    -0.08510261748016346,
    -0.04178572444118828,
    -0.0168293644707997,
    0.1574597944818298,
    0.16113825897155826
  ],
  "b_signal": 0.0,
  "w_risk": [
    1.5,
    3.0,
    0.5
  ],
  "threshold": 0.5,
  "config": {
    "inner_lr": 0.01,
    "outer_lr": 0.001,
    "n_inner_steps": 5,
    "n_meta_tasks": 3
  },
  "timestamp": "2026-04-29T14:20:36.177496"
}