{
  "score": 0.2162693932217286,
  "params": {
    "threshold": 0.44,
    "min_confirmations": 3,
    "vol_filter_pct": 0.2,
    "atr_low_mult": 1.8,
    "atr_high_mult": 1.8
  },
  "is": {
    "n": 109,
    "wr": 0.3394495412844037,
    "total_ret": -0.1380700881075363
  },
  "oos": {
    "n": 26,
    "wr": 0.4230769230769231,
    "total_ret": 0.09071447364410612,
    "returns": [
      0.03045383495199049,
      -0.007679240044403529,
      -0.0068649291439156265,
      0.03434765240636412,
      0.028277914746894003,
      -0.014913106109053026,
      0.01517262148883476,
      -0.006266586379082993,
      0.03335597984278266,
      -0.010989793904375418,
      0.0010406475995603185,
      0.01674387218540684,
      0.01693231726839023,
      -0.006891390670612966,
      -0.007135308791544498,
      0.017802408414530558,
      -0.00866932403247295,
      0.013041855736863738,
      -0.005904019055610202,
      -0.007830952207906614,
      -0.00926685631596404,
      -0.008987008683797535,
      0.004803723140303395,
      -0.005493185301694973,
      -0.006731577440155768,
      -0.008362752608250482
    ]
  }
}