{
  "score": 0.1843797937897318,
  "params": {
    "threshold": 0.44,
    "min_confirmations": 2,
    "vol_filter_pct": 0.4,
    "atr_low_mult": 1.8,
    "atr_high_mult": 1.8
  },
  "is": {
    "n": 87,
    "wr": 0.39080459770114945,
    "total_ret": -0.06821785238179379
  },
  "oos": {
    "n": 18,
    "wr": 0.4444444444444444,
    "total_ret": 0.06969539230692723,
    "returns": [
      0.020892895285849537,
      -0.02334337785138966,
      0.06592289925544584,
      -0.01837979719771439,
      -0.022676797115357163,
      0.028810284733141497,
      0.009519497963947122,
      0.034503218925774286,
      0.03735483864399024,
      -0.014305766964149482,
      0.032896410213673635,
      -0.009419515066472787,
      -0.016111375030133195,
      -0.015086740189220238,
      -0.018671154247963236,
      0.012964258248989337,
      -0.013043341849711374,
      -0.018292928650518406
    ]
  }
}