{
  "win_rate": 0.7089552238805971,
  "total_return": 0.008111245575886095,
  "total_trades": 134,
  "target_achieved": true
}