{
  "strategy": "v11_ofi_vwap_wyckoff",
  "total_trades": 20,
  "win_rate": 15.0,
  "avg_win_r": 0.977598383814046,
  "avg_loss_r": 1.0,
  "rr": 0.977598383814046,
  "ev_per_trade": -0.7033602424278931,
  "by_strategy": {
    "vwap_short": {
      "count": 17,
      "wr": 17.647058823529413,
      "ev": -0.23924734403281545
    },
    "vwap_long": {
      "count": 3,
      "wr": 0.0,
      "ev": -0.6666666666666666
    }
  }
}