{
  "version": "v1.0.3",
  "validation_date": "2026-04-28T10:36:54.885400",
  "data_split": {
    "train": 0.6,
    "val": 0.2,
    "test": 0.2
  },
  "results": {
    "train": {
      "dataset": "训练集",
      "total_trades": 3,
      "long_trades": 3,
      "short_trades": 0,
      "short_pct": 0.0,
      "win_rate": 0.6666666666666666,
      "total_return": 0.11057040070221774,
      "max_consecutive_losses": 1,
      "avg_profit": 3.856340868400264,
      "avg_loss": -2.1837283782203603,
      "profit_factor": 1.7659434693718672,
      "avg_slippage": 0.10549461191770886,
      "final_capital": 10011.057040070222
    },
    "val": {
      "dataset": "验证集",
      "total_trades": 1,
      "long_trades": 0,
      "short_trades": 1,
      "short_pct": 100.0,
      "win_rate": 0.0,
      "total_return": -0.19661559001136997,
      "max_consecutive_losses": 1,
      "avg_profit": 0,
      "avg_loss": -9.8307795005685,
      "profit_factor": 0.0,
      "avg_slippage": 0.15,
      "final_capital": 9980.338440998863
    },
    "test": {
      "dataset": "测试集",
      "total_trades": 2,
      "long_trades": 2,
      "short_trades": 0,
      "short_pct": 0.0,
      "win_rate": 1.0,
      "total_return": 0.15441974803952688,
      "max_consecutive_losses": 0,
      "avg_profit": 3.8590045417973835,
      "avg_loss": 0,
      "profit_factor": 0,
      "avg_slippage": 0.10687799131401823,
      "final_capital": 10015.441974803953
    }
  },
  "summary": {
    "avg_win_rate": 0.5555555555555555,
    "win_rate_std": 0.41573970964154905,
    "avg_short_pct": 33.333333333333336,
    "overfitting_detected": true,
    "issues": [
      "胜率波动过大(41.57%)，可能过拟合"
    ]
  }
}