{
  "initial_capital": 10000,
  "final_capital": 9898.290694292864,
  "total_return": -0.010170930570713608,
  "total_trades": 28,
  "winning_trades": 4,
  "losing_trades": 24,
  "win_rate": 0.14285714285714285,
  "avg_profit": 1.3531664230491245,
  "avg_loss": -4.222974572592747,
  "profit_factor": 0.3204296876024833,
  "max_drawdown": 0.009593872405002913,
  "min_confidence": 0.6,
  "score": 0.13246322977785402,
  "trade_summary": {
    "count": 28,
    "avg_profit": -3.4263830017867654,
    "best_trade": {
      "type": "LONG",
      "entry": 61743.34542083054,
      "exit": 62594.80219550663,
      "profit": 2.4331638307554044,
      "profit_pct": 0.012270081311926119,
      "exit_reason": "take_profit"
    },
    "worst_trade": {
      "type": "SHORT",
      "entry": 57594.326654456294,
      "exit": 58976.46523836365,
      "profit": -5.0663970969939385,
      "profit_pct": -0.02550982411854135,
      "exit_reason": "stop_loss"
    }
  }
}