{
  "last_saved": 1777201369.9717593,
  "trade_count": 0,
  "start_time": 1777201369.961839
}